strain,log2FoldChange,lfcSE,stat,pvalue,padj,Gene_stable_ID,Gene_name,Gene_description,NCBI_gene_ID
AM140,3.3425415076712,0.374887990282723,8.91610719551302,4.82966032037947e-19,1.75699711655184e-16,WBGene00016596,C42D4.3,?,177492
AM140,2.98115291302437,0.95416496832396,3.12435795904446,0.0017819353206313,0.018055917159619,WBGene00000618,col-41,COLlagen,181610
AM140,2.96865900963215,0.680092585983854,4.36508068285665,1.27075845947365e-5,3.00594209584014e-4,WBGene00004997,spp-12,SaPosin-like_Protein_family,188762
AM140,2.96584476218455,0.753179928734672,3.93776393798373,8.22444450175524e-5,0.00148321178621398,WBGene00004994,spp-9,SaPosin-like_Protein_family,188888
AM140,-2.93584092739553,0.883463593351554,-3.32310346401256,8.90218894101565e-4,0.0105882856062813,WBGene00021463,zeel-1,?,189770
AM140,-2.82968712765826,0.235716885174145,-12.0046008819764,3.36081294588237e-33,5.06522522557985e-30,WBGene00010064,F54F7.2,?,186253
AM140,-2.7834978539432,0.831465601317213,-3.34770055373736,8.14850048901622e-4,0.00986830790195393,WBGene00086562,T02G6.11,?,7040170
AM140,-2.75161720266189,0.340855864816817,-8.07267084619671,6.87768357491249e-16,1.81398904288317e-13,WBGene00015322,C02B8.3,?,182104
AM140,2.70643149552227,0.378200551618009,7.15607495532114,8.30197616266199e-13,1.09482310645105e-10,WBGene00004300,ram-2,?,174687
AM140,2.67940465851032,0.340189624520143,7.87620922386972,3.37462973233e-15,7.57496673959181e-13,WBGene00000681,col-107,COLlagen,176961
AM140,2.59952656978145,0.408044017408074,6.37070134318801,1.88165740251437e-10,1.60092625778441e-8,WBGene00021625,Y47D7A.13,?,178841
AM140,2.59331749032616,0.571213968372815,4.54001063334217,5.62513913131306e-6,1.51005643346954e-4,WBGene00015340,C02E7.7,?,178884
AM140,2.58516401585842,0.298478383989061,8.66114316657906,4.6705650624544e-18,1.49316549723921e-15,WBGene00235094,K08D9.9,?,24104735
AM140,2.57299531689863,0.377473575361931,6.81635877274742,9.33769319533706e-12,1.00523125725312e-9,WBGene00022679,ZK180.5,?,177218
AM140,-2.55164928682633,0.830456776635815,-3.07258530319071,0.00212213170441861,0.0207943589851722,WBGene00020758,T24C4.2,?,188843
AM140,2.53680614615363,0.779026757932233,3.25637870628098,0.00112843132239357,0.0126918448307592,WBGene00008215,C49F8.3,?,181459
AM140,2.44301935780997,0.668339635790067,3.65535608990479,2.56825246232407e-4,0.00381417307271454,WBGene00050906,F20E11.17,?,6418731
AM140,-2.44062044464019,0.540473565564965,-4.51570733545308,6.31057685757329e-6,1.66474977315626e-4,WBGene00017912,fbxb-107,F-box_B_protein,173619
AM140,-2.39200809874673,0.764996671860527,-3.12682157548371,0.00176707134095031,0.0179601181570575,WBGene00012096,T27E9.6,?,176777
AM140,2.34807619567156,0.388905969213845,6.03764503902597,1.56379586186992e-9,1.10725143239783e-7,WBGene00020194,T03G6.1,?,188029
AM140,-2.295887671583,0.736575166964761,-3.11697675207239,0.00182715980198659,0.0184288106223313,WBGene00014024,ZK637.4,?,191370
AM140,-2.29495822565703,0.673607299456904,-3.40696757221506,6.56889309252158e-4,0.00828969164187831,WBGene00004106,pqn-15,Prion-like-(Q/N-rich)-domain-bearing_protein,182830
AM140,2.29320989457138,0.61731781853688,3.71479621308611,2.03367520445379e-4,0.00314272642435435,WBGene00020033,R12E2.7,?,172002
AM140,2.26492217261348,0.334669728343178,6.76763382163736,1.30905554559596e-11,1.35397411823896e-9,WBGene00013637,Y105C5A.13,?,178441
AM140,-2.19037110268564,0.694648048271389,-3.15320989979935,0.00161485646242837,0.0169183075259378,WBGene00015411,srz-60,"Serpentine_Receptor,_class_Z",182194
AM140,2.15797816976483,0.393774936786005,5.48023240731943,4.24767500992882e-8,2.12383750496441e-6,WBGene00009983,cut-2,Cuticlin-2,179823
AM140,-2.15634216531911,0.627474143945254,-3.43654345940229,0.00058918782036859805,0.00758965995712908,WBGene00017474,F14H12.7,?,184503
AM140,-2.1480286057752,0.586369301332598,-3.66326920746624,2.49016584808271e-4,0.00374099584070591,WBGene00013007,Y48E1B.8,?,175002
AM140,2.11792777962567,0.32927256321146,6.43214168520178,1.25818372811687e-10,1.09701143236636e-8,WBGene00009964,fip-6,Fungus-Induced_Protein,172707
AM140,-2.1084059040798,0.733391493181073,-2.87487095730361,0.00404192654762588,0.0341685297094976,WBGene00219443,Y57G11C.1144,?,24105173
AM140,2.07736111685427,0.750520264987893,2.76789477081979,0.00564196692597745,0.0438863479492038,WBGene00015012,bath-20,BTB_and_MATH_domain_containing,181824
AM140,-2.06709893127891,0.537399592101074,-3.84648399749832,1.19824952946691e-4,0.00204887075135752,WBGene00013796,Y116A8C.19,?,178477
AM140,-2.05640814134271,0.573775445606643,-3.58399467437737,3.38378986837646e-4,0.00483071490005029,WBGene00011315,mbr-1,honeybee_MBlk-1_Related_factor,187937
AM140,-2.04860651257658,0.718577472972514,-2.85091947581126,0.0043593007715672,0.0361561502673223,WBGene00019039,fbxb-18,F-box_B_protein,186513
AM140,2.04638728178428,0.376582470327671,5.43410127402819,5.50732969018447e-8,2.65307434846786e-6,WBGene00000756,col-183,COLlagen,184081
AM140,-2.03674356299281,0.55664586593161,-3.65895749460761,2.53243334444155e-4,0.00377894933293612,WBGene00009573,F40E10.5,?,185535
AM140,2.03019624861272,0.707894774164908,2.86793506988057,0.0041316031438735,0.0348428562492929,WBGene00009028,F21H7.2,?,180087
AM140,-2.01254758906718,0.516863051968384,-3.89377337266176,9.86968615540558e-5,0.00172618143150109,WBGene00010473,hrg-2,Heme_Responsive_Gene,24104699
AM140,-2.00903536859382,0.376843466336718,-5.33121985137112,9.75552276358234e-8,4.35036448864248e-6,WBGene00012581,Y38E10A.3,?,174892
AM140,-1.99867634464725,0.339496561473539,-5.8871769892816,3.92847949640087e-9,2.4967143787367e-7,WBGene00013816,Y116F11A.1,?,180297
AM140,-1.99215519875298,0.598601629652178,-3.32801499372887,8.74671587894322e-4,0.0104623415558788,WBGene00008016,C38D9.8,?,183319
AM140,1.99161063255942,0.575837154089236,3.45863516866921,5.4291977169352e-4,0.00710645606869309,WBGene00007218,C01A2.6,?,182051
AM140,1.98628641069741,0.19967936103213,9.94737964119287,2.58910725543706e-23,1.82100543632407e-20,WBGene00000560,cnc-6,CaeNaCin_(Caenorhabditis_bacteriocin),175324
AM140,1.9765412438985,0.13813270405729,14.3090027621462,1.92250338251875e-46,6.76080356185762e-43,WBGene00007682,C18D11.6,?,259533
AM140,-1.97568239109206,0.12266754722656,-16.105990832629,2.31558844927149e-58,1.22147290699071e-54,WBGene00016627,C44B7.5,?,174124
AM140,-1.95281758644874,0.455273139296978,-4.28933187111419,1.79211416908555e-5,3.98037989133738e-4,WBGene00001103,dsl-1,Delta-like_protein,176939
AM140,1.94764577502972,0.682269687134792,2.85465676074355,0.00430833636642631,0.0358959990645108,WBGene00000691,col-117,COLlagen,177694;177695
AM140,-1.94612107987964,0.379296917711599,-5.13086447319719,2.88414519196801e-7,1.13961542229447e-5,WBGene00019591,fbxc-25,F-box_C_protein,187235
AM140,1.94449668899058,0.24503355818263,7.93563421848239,2.09422376107595e-15,4.90979126207805e-13,WBGene00009963,fipr-26,FIP_(Fungus-Induced_Protein)_Related,172708
AM140,1.92391403760281,0.387491379456361,4.96504990717989,6.86834053695781e-7,2.46465961445255e-5,WBGene00022713,ZK355.3,?,191298
AM140,-1.91987351948617,0.696460198014356,-2.75661627894864,0.00584028433276524,0.0448997556036776,WBGene00017249,fbxb-108,F-box_B_protein,184177
AM140,-1.91273087607834,0.340788853200435,-5.61265680527811,1.99243518696271e-8,1.07245873583962e-6,WBGene00013794,dct-13,"DAF-16/FOXO_Controlled,_germline_Tumor_affecting",178476
AM140,-1.90187985589116,0.155049871692035,-12.2662459190468,1.37481173707458e-34,2.41737730435613e-31,WBGene00006547,tbx-11,Putative_T-box_protein_11,185575
AM140,1.89580664131743,0.590863601350904,3.20853516273977,0.00133412994392865,0.0144805256259745,WBGene00009029,F21H7.3,?,259671
AM140,1.88506998618451,0.621025259030838,3.03541596540907,0.00240204150637273,0.0228302143173264,WBGene00000740,col-167,COLlagen,180907
AM140,-1.87716575953532,0.38057479632329,-4.93244896317492,8.12050014573553e-7,2.8462218118774e-5,WBGene00010142,F56A8.8,?,176746
AM140,1.87532011557851,0.61532395005041,3.04769563321057,0.00230603367197947,0.0222179499903045,WBGene00015841,skpo-2,ShK_domain_and_PerOxidase_domain_containing_protein,173686
AM140,1.86641569482765,0.323244158131791,5.77401214492079,7.74058538073705e-9,4.69328596360781e-7,WBGene00017841,F26G1.5,?,173823
AM140,-1.86592676159957,0.32460209769734,-5.74835090357107,9.01180621111757e-9,5.4019633822324e-7,WBGene00017252,sdz-10,SKN-1_Dependent_Zygotic_transcript,184179
AM140,-1.86309649254811,0.37309069420312,-4.9936825589485,5.9238736547644e-7,2.17759118668169e-5,WBGene00019700,btb-11,BTB_(Broad/complex/Tramtrack/Bric_a_brac)_domain_protein,173481
AM140,1.85802256105511,0.642418307925239,2.89223164740712,0.00382515799901656,0.0327826294797926,WBGene00044113,C54F6.15,?,3565380
AM140,-1.85256354704661,0.368578275157883,-5.02624183764779,5.00185053457697e-7,1.865070414077e-5,WBGene00013752,Y113G7A.15,?,180316
AM140,1.84370841344755,0.651299800858916,2.83081372206183,0.00464297529205244,0.0379716196365529,WBGene00015220,B0507.3,?,179254
AM140,1.83247376935486,0.16536728833791,11.0812349151569,1.54723623416619e-28,2.04041778380667e-25,WBGene00003096,lys-7,LYSozyme,178772
AM140,1.82839435768901,0.222980245615544,8.1998042142328,2.40778853343249e-16,6.68478132308231e-14,WBGene00003879,ora-1,Onchocerca_Related_Antigen_family,191739
AM140,-1.82366070074974,0.190880410567223,-9.55394372492452,1.24850978008405e-21,6.58588908994336e-19,WBGene00019922,fbxc-28,F-box_C_protein,187668
AM140,-1.8224364865486,0.580470162134057,-3.13958684775207,0.0016918625704347,0.0173972366551546,WBGene00016307,fbxc-18,F-box_C_protein,183117
AM140,-1.81980116781904,0.38970274366416,-4.66971607823043,3.01616301918291e-6,8.88841336658652e-5,WBGene00017598,F19F10.1,?,184684
AM140,1.81793536768295,0.343997939287459,5.28472749414877,1.25892015297334e-7,5.33397896139308e-6,WBGene00019662,K11H12.6,?,187313
AM140,-1.81358377259331,0.53781049169565,-3.37216138509181,7.45807326588751e-4,0.00919190104615809,WBGene00008611,fbxb-68,F-box_B_protein,184227
AM140,1.81128369431669,0.335795221506681,5.39401271462302,6.89013393209545e-8,3.21641207892066e-6,WBGene00018297,F41F3.3,?,178856
AM140,1.80694249172924,0.66405345655504,2.7210798677312,0.00650690383401044,0.0482755523550001,WBGene00008496,F01D5.6,?,175050
AM140,-1.79086869799284,0.408911458353528,-4.37960018338378,1.18897251289323e-5,2.85732574282997e-4,WBGene00003595,ngn-1,NeuroGeNin,177045
AM140,-1.79061026232276,0.2295851489356,-7.79932966319627,6.22368844605673e-15,1.33999822665099e-12,WBGene00006545,tbx-8,T-box_transcription_factor_tbx-8,176450
AM140,1.77822544459811,0.165472237908275,10.7463672884138,6.16417413093673e-27,6.50320370813825e-24,WBGene00015046,nlp-34,Neuropeptide-Like_Protein,259618
AM140,-1.77639167845526,0.301437371970775,-5.89307048041637,3.79084618509204e-9,2.42384407592249e-7,WBGene00007867,C32H11.4,?,178244
AM140,1.77483767700637,0.624509972321667,2.84196851238142,0.0044835919594707,0.0370124375371016,WBGene00011530,T06D8.10,?,174717
AM140,1.76179035115288,0.625419750414307,2.81697268112462,0.00484786490261424,0.0393422882481386,WBGene00013536,Y73F8A.32,?,190688
AM140,-1.75907303304746,0.622311518405355,-2.82667599911216,0.00470338898612993,0.0384061561947916,WBGene00045486,K05F6.12,?,6418628
AM140,-1.75261265741637,0.252146051146043,-6.95078368053146,3.63262530268395e-12,4.35502237992224e-10,WBGene00044281,R04A9.7,?,3565956
AM140,1.73968757927433,0.581544336483757,2.99149603931002,0.0027761413940883,0.0255334603039489,WBGene00013215,Y54G11A.4,?,190295
AM140,-1.7336880624519,0.343388809001281,-5.04876110405054,4.44684393988343e-7,1.69365355833105e-5,WBGene00009827,hmg-6,HMG,185946
AM140,1.73205558982985,0.288896204663858,5.99542521455123,2.02953680254638e-9,1.38139440431383e-7,WBGene00018601,F48C1.9,?,266832
AM140,1.73185412236917,0.632086087980687,2.73990229385034,0.00614574512989782,0.0463313505653131,WBGene00000555,cnc-1,CaeNaCin_(Caenorhabditis_bacteriocin),187726
AM140,1.71319905887238,0.306016809352734,5.59838220160528,2.16361340113636e-8,1.14704127547681e-6,WBGene00086560,ZK355.8,?,7040126
AM140,-1.71244503704428,0.50576915547546,-3.38582339097856,7.0965038865637e-4,0.00881838822181944,WBGene00006556,tbx-37,Putative_T-box_protein_37,189977
AM140,-1.69787618433148,0.4773759249413,-3.55668582268839,3.75562856756729e-4,0.00523864033475899,WBGene00018104,fbxb-53,F-box_B_protein,185384
AM140,1.69024136204093,0.340784199469734,4.95985836394696,7.05445954676468e-7,2.52286604130059e-5,WBGene00012255,lpr-6,LiPocalin-Related_protein,181296
AM140,-1.68751556695049,0.235739350768596,-7.15839575127604,8.1626625793013e-13,1.09007709128644e-10,WBGene00021165,Y5H2B.3,?,189362
AM140,-1.68714360084592,0.428944999893046,-3.93323992881744,8.38085083449763e-5,0.00150374687671006,WBGene00015610,C08F1.6,?,173550
AM140,1.68202961175485,0.16682835649363,10.0823963450067,6.6094180327568e-24,4.9806685889703e-21,WBGene00012212,W02D9.6,?,189121
AM140,-1.68183345339681,0.136273644082358,-12.3415900757771,5.40772406001583e-35,1.14102977666334e-31,WBGene00006557,tbx-38,Putative_T-box_protein_38,182861
AM140,1.66928347273643,0.434424885550407,3.8425134661001,1.21780730163964e-4,0.00206225795060966,WBGene00013013,clec-145,C-type_LECtin,175003
AM140,-1.65971467228515,0.317236589542609,-5.23178828355872,1.67877964714495e-7,6.8914884347779e-6,WBGene00007182,fbxb-119,F-box_B_protein,181998
AM140,-1.65891500726634,0.380583364624572,-4.35887419541521,1.30733234817393e-5,3.07865095384709e-4,WBGene00018355,ceh-86,C._Elegans_Homeobox,173597
AM140,-1.65864079823122,0.388217697239958,-4.27245025155566,1.93336696021127e-5,4.28508853576236e-4,WBGene00006902,vet-6,Very_Early_Transcript,173191
AM140,-1.65739292568073,0.240436333878377,-6.89327149081845,5.45236730849971e-12,6.18521237684645e-10,WBGene00002117,ins-34,INSulin_related,191692
AM140,-1.65411660715268,0.261951395163487,-6.31459361428607,2.70872316754109e-10,2.19823303211989e-8,WBGene00009202,aptf-4,AP-2_Transcription_Factor_family,174376
AM140,-1.65384268862074,0.436710878513485,-3.78704257207936,1.52450988111048e-4,0.00247820943693614,WBGene00017253,sdz-9,SKN-1_Dependent_Zygotic_transcript,173622
AM140,1.64752270671938,0.280715605416961,5.86901004050785,4.38404890487e-9,2.73678792582122e-7,WBGene00001699,grd-10,GRounDhog_(hedgehog-like_family),184239
AM140,1.64483641361845,0.378145664990405,4.34974287926897,1.36297249073567e-5,3.1883281102575e-4,WBGene00013515,Y73F4A.2,DOMON_domain-containing_protein_Y73F4A.2,177722
AM140,1.64416648494791,0.288113899939377,5.70665450467285,1.15218320268119e-8,6.67981729128297e-7,WBGene00005005,spp-20,SaPosin-like_Protein_family,186973
AM140,1.63922773199614,0.225210663573226,7.27864172143498,3.37197879043077e-13,4.9408855887562e-11,WBGene00011833,T19B10.5,?,179553
AM140,1.62744131475623,0.16909992544633,9.62413975322986,6.32337978669716e-22,3.70620315275861e-19,WBGene00007315,C04H5.7,?,175115
AM140,-1.62519499502026,0.150396824460188,-10.8060459444772,3.2226310992611e-27,3.77763978857829e-24,WBGene00021913,cec-8,C.Elegans_Chromodomain_protein,175202
AM140,-1.62490438527391,0.169676847514635,-9.57646496310441,1.00423372059098e-21,5.57613986959728e-19,WBGene00020073,sdz-28,SKN-1_Dependent_Zygotic_transcript,173569
AM140,1.6238200810626,0.211332271178548,7.68372985350015,1.54522335946381e-14,3.13384050264181e-12,WBGene00009982,F53F1.4,?,179822
AM140,1.62331511422549,0.237836541654881,6.82533938195689,8.77176942215489e-12,9.54042962925094e-10,WBGene00019592,K09F6.9,?,173585
AM140,-1.62279220084509,0.590221203197547,-2.74946442461496,0.00596927422276011,0.045404356921499,WBGene00001544,gcy-19,Receptor-type_guanylate_cyclase_gcy-19,191650
AM140,1.62232003385956,0.38086487186567197,4.25956856013685,2.04821868314897e-5,4.49245470004609e-4,WBGene00002090,ins-7,Probable_insulin-like_peptide_beta-type_4,191688
AM140,1.61909500919606,0.514896721358771,3.14450440648253,0.0016636840579434,0.0171908587769862,WBGene00195143,C16D2.2,?,13186373
AM140,1.61591619256595,0.257590864347933,6.27318906148509,3.53726948158238e-10,2.80587917524016e-8,WBGene00014173,ZK970.7,?,191473
AM140,-1.61456829703211,0.596339099324519,-2.70746677328545,0.00677988571353281,0.049879912327595,WBGene00011049,sdz-26,SKN-1_Dependent_Zygotic_transcript,175095
AM140,-1.60495263171688,0.427713944952135,-3.75239725208514,1.75151626458127e-4,0.0027745490377376,WBGene00000708,col-135,COLlagen,3565413
AM140,1.60185082146181,0.298061931657651,5.37422143295262,7.69142905521729e-8,3.53520139428719e-6,WBGene00001478,fmo-3,Dimethylaniline_monooxygenase,176491
AM140,-1.5966914804864,0.518631405736586,-3.07866331044627,0.00207931529625373,0.0204634107980195,WBGene00017208,fbxb-35,F-box_B_protein,173563
AM140,-1.59608162342926,0.172394394302318,-9.25831509712727,2.07683476739481e-20,9.1294194983397e-18,WBGene00004815,skr-9,SKp1_Related_(ubiquitin_ligase_complex_component),178494
AM140,-1.59534167858476,0.471064710055518,-3.38667203152777,7.07459060343033e-4,0.00880152486629599,WBGene00189954,F40G9.18,?,13188264
AM140,-1.59428545946721,0.201678147985631,-7.90509767860821,2.67723583624283e-15,6.14018218964388e-13,WBGene00003377,mls-2,Mesodermal_Lineage_Specification,180751
AM140,-1.59309342589436,0.260080068756378,-6.12539605019345,9.0458312771574e-10,6.67367272545529e-8,WBGene00017135,EEED8.4,Putative_RNA-binding_protein_EEED8.4,173921
AM140,1.58706239309252,0.584149056602118,2.71687915122923,0.00659006653539448,0.048823877772761,WBGene00007992,fipr-24,FIP_(Fungus-Induced_Protein)_Related,183286
AM140,1.58409882256053,0.493217437743323,3.211765646017,0.0013192194253226,0.0143630185109942,WBGene00017438,F13H8.5,?,174035
AM140,-1.58409455942337,0.262803459509565,-6.02767772684406,1.66332299124771e-9,1.16987050384422e-7,WBGene00015138,B0310.2,Putative_zinc_finger_protein_B0310.2,180403
AM140,-1.57942312859919,0.333643191310914,-4.73386890466277,2.20280033021937e-6,6.8351598481807e-5,WBGene00008784,F14B6.3,?,173104
AM140,-1.57808276986004,0.298170066747045,-5.2925593339281,1.20616317264126e-7,5.13105704490535e-6,WBGene00019415,K05F6.4,?,187034
AM140,-1.57739326966243,0.566321518522057,-2.78533168539842,0.00534729933770134,0.0422260539017583,WBGene00018436,fbxb-11,F-box_B_protein,185769
AM140,1.57678854912602,0.366749538742009,4.2993606877723,1.71291507711456e-5,3.83678430224175e-4,WBGene00044623,bus-8,Glycosyltransferase;_Uncharacterized_protein;Glycosyltransferase;_Uncharacterized_protein;Glycosyltransferase;_Uncharacterized_protein;Glycosyltransferase;_Uncharacterized_protein;Glycosyltransferase;_Uncharacterized_protein;Glycosyltransferase;_Uncharacterized_protein;Glycosyltransferase;_Uncharacterized_protein;Glycosyltransferase;_Uncharacterized_protein;Glycosyltransferase;_Uncharacterized_protein;Glycosyltransferase;_Uncharacterized_protein;Glycosyltransferase;_Uncharacterized_protein;Glycosyltransferase;_Uncharacterized_protein,180821
AM140,1.57554656314172,0.20024903248644,7.86793595743547,3.6054005038433e-15,7.92436985740559e-13,WBGene00010236,F58B4.3,?,186495
AM140,-1.57450185224766,0.31881349507916,-4.93862987781215,7.86733727064966e-7,2.7666802735118e-5,WBGene00000435,ceh-10,Homeobox_protein_ceh-10,175811
AM140,-1.57276505418252,0.478852496320852,-3.28444576621504,0.00102183162409413,0.0118075833890395,WBGene00017405,bath-31,BTB_and_MATH_domain_containing,173717
AM140,-1.55912464957287,0.401443838357708,-3.88379270174178,1.0283959615617e-4,0.0017844699661967,WBGene00018248,F40G9.14,?,185560
AM140,-1.55770481110635,0.172505633263521,-9.02987793289501,1.71863397645216e-19,6.97368786598857e-17,WBGene00013508,Y71A12B.11,?,173262
AM140,-1.54107578907855,0.193909535508224,-7.94739559887805,1.90473408360349e-15,4.56703285954928e-13,WBGene00219422,Y52B11A.20,?,24105144
AM140,1.5376747703807,0.281361740044895,5.46511679283524,4.62602119985449e-8,2.28058521768527e-6,WBGene00000373,cyp-14A5,CYtochrome_P450_family,178926
AM140,-1.53764800888077,0.178605310664446,-8.60919534341066,7.3575182108346e-18,2.28299462130309e-15,WBGene00010790,sodh-1,Alcohol_dehydrogenase_1,179627
AM140,-1.53497652466761,0.342714476509885,-4.47887857057984,7.50362010298031e-6,1.94027431584417e-4,WBGene00013721,Y106G6H.9,?,190927
AM140,-1.5344473694917,0.218614831184024,-7.01895366010206,2.23535899303809e-12,2.79289301165858e-10,WBGene00010808,sepa-1,Suppressor_of_Ectopic_P_granules_in_Autophagy_mutant,173196
AM140,-1.53244195052938,0.204745667006498,-7.48461236291146,7.17586180676911e-14,1.22105390421636e-11,WBGene00011229,R11.4,?,181693
AM140,-1.53040983653714,0.201175269532127,-7.60734577414217,2.79782070636957e-14,5.2708943664641e-12,WBGene00004814,skr-8,SKp1_Related_(ubiquitin_ligase_complex_component),178495
AM140,-1.52811316730587,0.198938392152676,-7.68133868365194,1.57434641364944e-14,3.13384050264181e-12,WBGene00000453,ceh-32,Homeobox_protein_ceh-32,179603
AM140,-1.52575077950067,0.203830183614679,-7.48540158500252,7.13286915707488e-14,1.22105390421636e-11,WBGene00044798,tbx-43,T_BoX_family,4363053
AM140,-1.52541244029533,0.511029505941451,-2.98497918918619,0.00283597617352509,0.0259493049702426,WBGene00021773,fbxb-42,F-box_B_protein,190167
AM140,-1.52377735736196,0.541649674080744,-2.81321568216213,0.0049048740003011,0.0396828379625587,WBGene00005059,sra-33,Serpentine_receptor_class_alpha-33,181920
AM140,1.5212717319064,0.311631244789861,4.88164058431376,1.05206879131142e-6,3.58042766075338e-5,WBGene00006539,tbb-6,"TuBulin,_Beta",179680
AM140,1.52041002640114,0.298502781290839,5.09345346742267,3.51599375641922e-7,1.36877247712999e-5,WBGene00001702,grd-13,GRounDhog_(hedgehog-like_family),3565619
AM140,1.51730101669741,0.280734723994998,5.40475006121595,6.48988249468712e-8,3.07032557484077e-6,WBGene00016450,clec-5,C-type_LECtin,175652
AM140,-1.51464575377426,0.402223381096,-3.76568301337201,1.66094408403113e-4,0.00265097732020097,WBGene00012238,W04A8.3,?,173254
AM140,-1.50936462422873,0.501603947947603,-3.00907644448285,0.00262043173072603,0.024378796083915,WBGene00008177,C48D1.1,?,178271
AM140,-1.50813703556664,0.238198817749076,-6.3314211624482,2.42913280497588e-10,2.01790166082642e-8,WBGene00008782,sdz-14,SKN-1_Dependent_Zygotic_transcript,173101
AM140,1.5031977468668,0.444948566092273,3.37836294219019,7.29187711186055e-4,0.00905050629766222,WBGene00015694,ugt-27,UDP-glucuronosyltransferase,182508
AM140,1.49475858162064,0.441219514227361,3.38778892007572,7.04584654298519e-4,0.00877611346263208,WBGene00020703,T22F7.4,?,188758
AM140,-1.48997665583227,0.296842899492679,-5.01941147448272,5.18300234876612e-7,1.91862016770114e-5,WBGene00021293,Y25C1A.6,?,173653
AM140,-1.47958241836483,0.231342952689987,-6.39562347225488,1.59893574248836e-10,1.37144488481725e-8,WBGene00044694,fbxb-90,F-box_B_protein,4363043
AM140,1.47830849250573,0.385678487255415,3.83300739179348,1.26586148282887e-4,0.00213336080572597,WBGene00018487,F46C8.8,?,181015
AM140,-1.47356867985552,0.217310711976297,-6.78092978691382,1.19404901046072e-11,1.25972170603605e-9,WBGene00001104,dsl-2,Delta-like_protein,176938
AM140,-1.47342522616129,0.502180184756916,-2.93405688015051,0.0033456289099225,0.0295120275917077,WBGene00016545,C40A11.2,?,183352
AM140,-1.47240330847775,0.154404807765466,-9.53599392263912,1.48456579455946e-21,7.11916778754649e-19,WBGene00004813,skr-7,SKp1_Related_(ubiquitin_ligase_complex_component),178840
AM140,-1.47122857388626,0.528105429324893,-2.78586148180112,0.00533856792349994,0.0421886828411418,WBGene00022557,fbxb-15,F-box_B_protein,173535
AM140,1.4711528585545,0.432648727230568,3.40034019739643,6.73020620551077e-4,0.00842913188808793,WBGene00016628,slc-36.5,SLC_(SoLute_Carrier)_homolog,174125
AM140,1.46659770202064,0.338286634518888,4.33536992706329,1.45515200171296e-5,3.33735948218952e-4,WBGene00007097,B0024.4,?,179432
AM140,-1.46659616737913,0.540869273423416,-2.71155386235264,0.00669686598638651,0.0493724221917384,WBGene00016547,C40A11.4,?,173571
AM140,-1.46553741992368,0.3735773624442,-3.92298240539824,8.74595406281589e-5,0.00155598339566117,WBGene00020543,fbxb-83,F-box_B_protein,188567
AM140,-1.46334972333612,0.309834986005702,-4.72299704497924,2.32394227561436e-6,7.14798571653979e-5,WBGene00235351,C32B5.18,?,24104270
AM140,-1.46064340955921,0.522859239808144,-2.7935690877246,0.00521298922351456,0.0415071972136442,WBGene00000674,col-99,Putative_cuticle_collagen_99,185112
AM140,-1.45101347916527,0.329405081935317,-4.40495171064237,1.05807445021984e-5,2.59597336042309e-4,WBGene00022741,ZK430.5,?,191319
AM140,-1.44914716940031,0.240585811488037,-6.02341077571137,1.70779273572557e-9,1.19319293787449e-7,WBGene00020354,T08B6.5,?,177260
AM140,-1.44866801932773,0.115554775082978,-12.5366348408144,4.70556476985987e-36,1.24109270805054e-32,WBGene00020218,T04G9.7,?,180424
AM140,-1.44201181708376,0.191585967477014,-7.52670895511577,5.20351787766914e-14,9.30459552701855e-12,WBGene00004820,skr-14,SKp1_Related_(ubiquitin_ligase_complex_component),178839
AM140,-1.44022354717785,0.450755320320016,-3.19513377269814,0.00139766041271576,0.0150003228424734,WBGene00019035,fbxb-26,F-box_B_protein,186508
AM140,-1.43709800050688,0.187550825916773,-7.66244559831798,1.82425414797023e-14,3.56405208538627e-12,WBGene00004816,skr-10,SKp1_Related_(ubiquitin_ligase_complex_component),178447
AM140,-1.43646332130636,0.345637814765371,-4.15597848366641,3.238983075236e-5,6.66106655823387e-4,WBGene00019872,R04E5.9,?,181128
AM140,1.43186340176729,0.488804786244892,2.92931542828617,0.00339709497070098,0.0297916474986661,WBGene00003528,nas-9,Zinc_metalloproteinase_nas-9,178875
AM140,-1.43045571460176,0.327624718297307,-4.36614099826154,1.26460864220904e-5,2.99811711804615e-4,WBGene00019814,R02C2.1,?,178550
AM140,1.42886167464533,0.451760859419395,3.16287178238883,0.00156221119400594,0.0164484312342941,WBGene00020527,T15B7.15,?,179074
AM140,-1.42666730333198,0.259403650228874,-5.4997965605851,3.80229693296492e-8,1.91934127477416e-6,WBGene00020673,T22B7.4,?,180831
AM140,-1.42534578669551,0.202316193003847,-7.04513942029548,1.85275899373127e-12,2.35501293781504e-10,WBGene00004821,skr-15,SKp1_Related_(ubiquitin_ligase_complex_component),173729
AM140,1.42449619075631,0.499811570556916,2.85006645438213,0.00437100954539531,0.0361991683736802,WBGene00015339,C02E7.6,?,178885
AM140,-1.42236272411679,0.399766940297408,-3.55797986461467,3.73717953473084e-4,0.00523053161930255,WBGene00011791,T15H9.6,?,174513
AM140,-1.42167165994447,0.503835124621281,-2.82170017624932,0.00477698145549709,0.038946796256178,WBGene00021774,fbxb-43,F-box_B_protein,173528
AM140,-1.42075229406013,0.297155116111283,-4.78118065962583,1.7426866198302e-6,5.63967602429713e-5,WBGene00003983,pes-10,Patterned_expression_site_protein_10,174920
AM140,-1.41850403884004,0.507174457706046,-2.79687594137911,0.00515993418922888,0.0411830576928126,WBGene00044725,R11G1.7,?,4363113
AM140,-1.41640096145805,0.522231489949136,-2.71220902744874,0.00668364314774817,0.0493439014756775,WBGene00002246,lag-2,?,178755
AM140,1.41253527977743,0.25941107031529,5.44516191256074,5.17582833043186e-8,2.52280571175175e-6,WBGene00045414,T19H5.7,?,6418635
AM140,-1.41053896762476,0.317336285143284,-4.44493439187981,8.79186936233679e-6,2.20843385172984e-4,WBGene00021471,Y39G10AR.15,?,171794
AM140,1.4035543999359,0.3228505803392,4.34738075570833,1.37772929620509e-5,3.19451518131071e-4,WBGene00012257,lpr-4,LiPocalin-Related_protein,181298
AM140,-1.3986214884606,0.144469005558042,-9.68111798830568,3.6272747033838e-22,2.25104400709995e-19,WBGene00016457,C35E7.5,?,172989
AM140,-1.39302818442269,0.19082179101562,-7.30015255075697,2.87441638623742e-13,4.33215612497211e-11,WBGene00018731,F53A9.8,?,181118
AM140,-1.39041311099459,0.432168736886311,-3.21729221093648,0.00129406725624256,0.0141475746666933,WBGene00009773,lipl-2,Lipase,185840
AM140,-1.38507198927387,0.294132540334885,-4.70900631292577,2.48927362358699e-6,7.56825265960885e-5,WBGene00021557,Y45G5AM.5,?,178816
AM140,-1.38495712383808,0.311263233917168,-4.44947225667725,8.60815481030531e-6,2.16744709424155e-4,WBGene00018021,F34D6.1,?,173612
AM140,1.37707770733041,0.186173854667893,7.39672984580418,1.39579108489296e-13,2.26547629932627e-11,WBGene00000558,cnc-4,CaeNaCin_(Caenorhabditis_bacteriocin),178635
AM140,1.37664341557986,0.242546449820198,5.6757928908066,1.3804772059173e-8,7.74682687363166e-7,WBGene00021321,Y34B4A.5,?,180797
AM140,-1.37222448158566,0.216838948622559,-6.32831181991306,2.47857883227433e-10,2.0428911469136e-8,WBGene00016893,C53B7.2,?,183744
AM140,-1.37209657836664,0.158021163533302,-8.68299250357991,3.85489805186002e-18,1.2709117014726e-15,WBGene00003601,nhr-2,Nuclear_hormone_receptor_family_member_nhr-2,172251
AM140,-1.37134925539579,0.492827634831557,-2.78261436346707,0.00539228572385292,0.0424225312353828,WBGene00019815,kin-34,?,178552
AM140,-1.37089878496508,0.409601625197835,-3.34690758197784,8.1718449410391e-4,0.00987548271797967,WBGene00016943,acdh-1,Acyl_CoA_DeHydrogenase,172358
AM140,-1.36353082972201,0.311707678469512,-4.37438960893413,1.21772725227865e-5,2.90000508161169e-4,WBGene00006388,taf-7.1,TAF_(TBP-associated_transcription_factor)_family,192053
AM140,1.36281573985372,0.440974395586319,3.09046455643241,0.00199843654600967,0.0197967188360582,WBGene00015523,ztf-30,Zinc_finger_transcription_factor_family_protein_30,182317
AM140,1.35872822702986,0.462213822609378,2.93960967969177,0.00328625938253581,0.0291589877928956,WBGene00202514,T09F5.20,?,13216825
AM140,-1.34522975213823,0.369719022262777,-3.63851917573803,2.74210213889704e-4,0.00404038792812343,WBGene00008838,F15A4.2,?,184511
AM140,-1.34179559923844,0.290146923467041,-4.62453843454542,3.75433468987835e-6,1.07049272914099e-4,WBGene00021101,W08F4.12,?,?
AM140,-1.34040010404269,0.393222276184277,-3.40875933339681,6.52590243525799e-4,0.00824530187927806,WBGene00044436,Y47G6A.31,?,3565969
AM140,-1.33825379754543,0.491514267261037,-2.72271607699783,0.00647476765399132,0.0481204313495511,WBGene00010838,M03C11.1,?,176456
AM140,1.33420814298401,0.49198207305874597,2.71190398196622,0.0066897967910803,0.0493547945076204,WBGene00011590,bus-19,?,179766
AM140,-1.33389989116675,0.327492961086509,-4.07306430874522,4.63986061872693e-5,9.08173089565289e-4,WBGene00015265,B0563.8,?,182042
AM140,-1.33355457199206,0.163561332273643,-8.15323862586901,3.54305525202472e-16,9.5844186945797e-14,WBGene00020205,arrd-1,ARRestin_Domain_protein,173454
AM140,-1.32961466107637,0.333578064431209,-3.98591754929547,6.72198529630508e-5,0.00125211965274754,WBGene00021100,W08F4.11,?,?
AM140,1.32900848697652,0.286648579635216,4.63636864577452,3.54583345966506e-6,1.02209133878323e-4,WBGene00194658,R09E10.13,?,13197764
AM140,1.32760625481597,0.130275467742344,10.1907617590879,2.18048870428126e-24,1.91701298584727e-21,WBGene00013392,Y62H9A.4,?,190461
AM140,1.32618110498676,0.442428561935004,2.99750336910116,0.00272200850014033,0.0251024385283921,WBGene00010747,K10D11.3,?,187268
AM140,1.32549647359272,0.473684397091002,2.79826923101727,0.00513772678208906,0.0410940239204242,WBGene00020497,T14A8.2,?,188490
AM140,-1.32343375802879,0.467125120522738,-2.83314619549426,0.0046092300464035604,0.0378128903495782,WBGene00044197,fbxb-63,F-box_B_protein,3565062
AM140,1.30901180129532,0.209085181116043,6.26066273232832,3.83344802468135e-10,3.01812512390957e-8,WBGene00011979,T24B8.5,?,188838
AM140,-1.30862888001105,0.223686458786593,-5.85028207388959,4.90740054144117e-9,3.04547504189437e-7,WBGene00003844,odc-1,Ornithine_decarboxylase,179079
AM140,-1.30172324976594,0.301964093822422,-4.31085442407419,1.62624945346098e-5,3.67014034758963e-4,WBGene00000003,aat-2,Amino_Acid_Transporter,184126
AM140,1.30048764795947,0.136206114336956,9.54793882998699,1.32302224791165e-21,6.64661176927044e-19,WBGene00008390,D1086.3,?,179907
AM140,-1.30035260873572,0.3930395200133,-3.30845256652999,9.38130749764807e-4,0.0110297485425328,WBGene00000609,col-20,COLlagen,173840
AM140,1.2959014462559,0.400700707111431,3.23408824406072,0.00122031744123712,0.0134809937225671,WBGene00022592,klu-2,KLUmpfuss_related,172339
AM140,-1.29506914800672,0.340467611344941,-3.80379544148367,1.42495862912507e-4,0.00235263122648974,WBGene00010689,K08H2.2,?,187175
AM140,-1.29380692879513,0.142944971091801,-9.05108391651102,1.41556109832148e-19,5.97366783491666e-17,WBGene00015112,B0281.5,?,181899
AM140,-1.29367729354455,0.345716762899051,-3.74201494511363,1.82550655872538e-4,0.00287020777862187,WBGene00022265,Y73C8C.8,?,178753
AM140,1.28896073068901,0.295653678357268,4.35969793391653,1.30242101723369e-5,3.07394669615558e-4,WBGene00017485,F15E6.4,?,177193
AM140,-1.28779139609126,0.418808337457459,-3.07489436315739,0.00210577123501449,0.0207044608848116,WBGene00077761,zip-9,bZIP_transcription_factor_family,7040166
AM140,-1.28660332478912,0.449338405949996,-2.86332819040689,0.00419216096974045,0.0351848036839792,WBGene00009493,hrg-4,Heme_Responsive_Gene,185380
AM140,1.28480066315615,0.273950501809468,4.68990074728801,2.73337602391247e-6,8.26278425566663e-5,WBGene00018969,F56D3.1,?,173750
AM140,1.28293710114486,0.204300859038519,6.2796461413947,3.39344488031047e-10,2.71218511267238e-8,WBGene00235164,K09F6.13,?,24104743
AM140,-1.27623321858135,0.308320994374184,-4.13930041050819,3.48366528699412e-5,7.09510980266177e-4,WBGene00013698,Y106G6D.1,?,190915
AM140,-1.2750056262690601,0.291423639995468,-4.37509333933544,1.21380528629316e-5,2.89720492542825e-4,WBGene00009221,acs-2,fatty_Acid_CoA_Synthetase_family,3565680
AM140,-1.26663380958599,0.119629439665023,-10.587977450473,3.3883367420095e-26,3.24972296620002e-23,WBGene00002130,inx-8,Innexin-8,178101
AM140,-1.26420752765627,0.207415242265372,-6.09505605204661,1.0939911171767e-9,7.90520978507824e-8,WBGene00011231,R11A5.3,?,172555
AM140,-1.26244880831793,0.372004039771044,-3.39364273865124,6.89696048746973e-4,0.00861099800506576,WBGene00009361,F33E2.5,?,173129
AM140,-1.25752246739466,0.273366855423485,-4.60012778596212,4.22231844951333e-6,1.18157717884259e-4,WBGene00021966,Y57G7A.2,?,173508
AM140,-1.25665365547759,0.335785985996227,-3.74242436517796,1.82253397493228e-4,0.00287020777862187,WBGene00001958,hlh-14,Helix_Loop_Helix,182758
AM140,-1.25438383337617,0.192627430298516,-6.51196888954101,7.41720837626618e-11,6.57576036719397e-9,WBGene00017105,E02H9.7,?,184002
AM140,-1.25406931723696,0.29623393335723,-4.23337496492907,2.30210197392135e-5,4.95656649487147e-4,WBGene00021505,Y41D4A.3,?,176984
AM140,-1.25196019442356,0.400287929479771,-3.12764913009156,0.00176210400575426,0.0179442058501037,WBGene00021726,bath-10,BTB_and_MATH_domain_containing,173680
AM140,1.24919256087059,0.13930575322652,8.96727186018893,3.03949221561315e-19,1.14523724552567e-16,WBGene00013391,Y62H9A.3,?,181363
AM140,1.24429066065272,0.215794434535228,5.76609245429633,8.11305640616236e-9,4.89101400485788e-7,WBGene00045416,Y37H2A.14,?,6418795
AM140,1.24313372135591,0.305196058567884,4.07322993353599,4.63656089069853e-5,9.08173089565289e-4,WBGene00007414,C07E3.3,?,174601
AM140,-1.23689508581078,0.34580032571353,-3.57690549671562,3.47685798950544e-4,0.00494351102281434,WBGene00006775,unc-39,?,191623
AM140,-1.23588644984996,0.121674990496266,-10.1572759102692,3.0754931854602e-24,2.49588100820039e-21,WBGene00018271,F41C3.5,Uncharacterized_serine_carboxypeptidase_F41C3.5,173818
AM140,1.23190874410851,0.425441747652121,2.89559910588706,0.00378435512147835,0.0325121714426682,WBGene00185005,T03F6.10,?,13191756
AM140,-1.23027814652307,0.169701994885836,-7.24963868191833,4.17884892359666e-13,5.91222628352446e-11,WBGene00017481,F15B10.3,?,177423
AM140,-1.22943719139159,0.269291552676324,-4.56545026820547,4.98423351709858e-6,1.3631734340258e-4,WBGene00012021,T25E12.6,?,180118
AM140,-1.22722426952145,0.389557151240989,-3.15030609914863,0.00163099480988532,0.0169863427429426,WBGene00020902,jmjc-1,Bifunctional_lysine-specific_demethylase_and_histidyl-hydroxylase_NO66,171932
AM140,1.22570085841659,0.397910802878001,3.08034074358213,0.00206763897130122,0.0203674987369075,WBGene00019908,R05H11.2,?,353418
AM140,1.22398774580246,0.284684296180194,4.29945649347558,1.7121748187839e-5,3.83678430224175e-4,WBGene00020862,fip-2,Fungus-Induced_Protein,179283
AM140,1.22198411501437,0.19316581636617,6.32608883912437,2.51453082820632e-10,2.05645738275788e-8,WBGene00011831,T19B10.2,?,179551
AM140,1.22009117753816,0.167706473907896,7.27515849035278,3.46013971914711e-13,5.00061288178109e-11,WBGene00044212,Y68A4A.13,?,3564815
AM140,-1.21958578652532,0.368957048533799,-3.30549529104226,9.48086971594747e-4,0.0111260484430752,WBGene00013699,Y106G6D.2,?,172875
AM140,-1.2194380922852,0.302900758223328,-4.02586675397529,5.67658282815954e-5,0.00107906214120871,WBGene00007887,gadr-2,?,177782
AM140,1.21548195553034,0.230276422558989,5.27836042449795,1.30344893513147e-7,5.45689931176072e-6,WBGene00020472,lips-11,LIPaSe_related,188467
AM140,1.21070791359093,0.127950703748505,9.46229976171643,3.0124354458278e-21,1.3817910414558e-18,WBGene00017970,F32A5.4,?,174188
AM140,-1.20767800892994,0.213498134251836,-5.65662090285713,1.54382239474062e-8,8.57227698132294e-7,WBGene00000169,aqp-1,AQuaPorin_or_aquaglyceroporin_related,174190
AM140,-1.2058673659779,0.166352738198412,-7.24885793307252,4.20300446696052e-13,5.91222628352446e-11,WBGene00001436,fkh-4,ForKHead_transcription_factor_family,181466
AM140,1.20071126678085,0.337698528213443,3.55557151265386,3.77158336369366e-4,0.00524245118405376,WBGene00010931,M162.5,?,180300
AM140,-1.19718143924598,0.369391546736557,-3.24095515943084,0.00119129921347424,0.0132824263211064,WBGene00009721,F45D3.1,?,185778
AM140,1.19374740307708,0.316626036040528,3.77021238684325,1.63108679530509e-4,0.00261901445003506,WBGene00002113,ins-30,INSulin_related,173267
AM140,1.18329922158135,0.341441087472049,3.46560289607273,5.2904404308512e-4,0.00695936989345139,WBGene00021976,Y58A7A.2,?,190382
AM140,-1.18127281673245,0.267665269990999,-4.41324650288839,1.0183193799427e-5,2.51010968654099e-4,WBGene00011475,T05D4.2,?,188126
AM140,-1.17976384777084,0.250318125135732,-4.71305802219129,2.44026675354529e-6,7.44412986120282e-5,WBGene00022418,igcm-4,ImmunoGlobulin-like_Cell_adhesion_Molecule_family,180518
AM140,-1.1790443581138501,0.194419034947394,-6.06444918540449,1.32406631366249e-9,9.50265279533285e-8,WBGene00003518,nac-2,Sodium-dependent_high-affinity_dicarboxylate_transporter_2,187898
AM140,-1.17871170692945,0.154166988138549,-7.64568161550998,2.07841364205086e-14,3.98677525884302e-12,WBGene00020261,vet-1,Very_Early_Transcript,172308
AM140,-1.17672964279339,0.245145869151727,-4.8001202176696,1.58570414240925e-6,5.2278683445055e-5,WBGene00004819,skr-13,SKp1_Related_(ubiquitin_ligase_complex_component),178493
AM140,1.169342713131,0.170366173281413,6.86370240411204,6.70983404432246e-12,7.4514472808002e-10,WBGene00007153,clec-41,C-type_LECtin,179797
AM140,-1.16659042235899,0.231599664974957,-5.03709892017822,4.72640553635149e-7,1.78084208601815e-5,WBGene00021468,epg-2,Ectopic_P_granules_protein_2,171787
AM140,-1.16336538136631,0.168659541665706,-6.89771459045096,5.28457815335069e-12,6.06003255628802e-10,WBGene00016453,vet-2,Very_Early_Transcript,172993
AM140,-1.1623984311101,0.425450175910598,-2.7321611246774,0.00629203617483912,0.0470787103862076,WBGene00019687,K12H6.7,?,187345
AM140,1.16129418652996,0.196640619969522,5.90566784578871,3.51220986583459e-9,2.2732401278868e-7,WBGene00020473,lips-12,LIPaSe_related,188468
AM140,-1.16084521266703,0.386977190267615,-2.99977683920917,0.00270177475511244,0.024981352906605,WBGene00000703,col-129,COLlagen,178155
AM140,-1.16082372356882,0.281623693761122,-4.12189652108408,3.7576599642807e-5,7.5799832931475e-4,WBGene00019414,fbxb-51,F-box_B_protein,187033
AM140,-1.15922613864789,0.258011786275851,-4.49291931729241,7.0253406473045e-6,1.83005787232253e-4,WBGene00008157,C47F8.1,?,173107
AM140,-1.15720466186777,0.276216131332876,-4.18948978933165,2.79582361353637e-5,5.84836046326318e-4,WBGene00012240,W04A8.5,?,173255
AM140,-1.14983636217872,0.271861609289552,-4.22949148717083,2.34220140888889e-5,5.01221599670948e-4,WBGene00010691,K08H2.4,?,181449
AM140,1.14414959906542,0.28064780097388897,4.07681654762679,4.56564859238335e-5,8.97416962850686e-4,WBGene00020561,T19C3.3,?,188586
AM140,1.13995310135421,0.264918890082868,4.30302686606316,1.68480411133059e-5,3.78991116727883e-4,WBGene00044646,B0205.14,?,4363000
AM140,1.13465744688104,0.126467674293964,8.971916762252,2.91398590102512e-19,1.13861300947463e-16,WBGene00044206,T26H5.9,?,3564973
AM140,1.1330923150449,0.361089238020933,3.13798417603134,0.00170114060462086,0.0174582036758269,WBGene00022562,ZC204.12,?,173536
AM140,1.13179473865744,0.172678221615998,6.55435716250497,5.5882074191214e-11,5.17154283085357e-9,WBGene00008741,F13D12.6,Uncharacterized_serine_carboxypeptidase_F13S12.6,174802
AM140,1.1202962478007,0.27038432720974,4.14334757994931,3.42272584289666e-5,6.99801504700771e-4,WBGene00003754,nlp-16,Neuropeptide-Like_Protein,177387
AM140,-1.11670784302862,0.175331090177127,-6.36913762356962,1.90093982349836e-10,1.60439321103262e-8,WBGene00001820,ham-1,?,178205
AM140,-1.11136444142217,0.266814564924045,-4.16530649943545,3.10934551021498e-5,6.43207747701334e-4,WBGene00003998,pgp-4,P-GlycoProtein_related,181327
AM140,1.10759004051057,0.266840421078645,4.15075810491296,3.3137584359328e-5,6.8015858947648e-4,WBGene00007440,C08E8.4,?,182409
AM140,-1.10753256569782,0.333082435316746,-3.32510048043995,8.8386674678494e-4,0.0105435013048176,WBGene00011531,rsbp-1,R-Seven_Binding_Protein_(R7BP)_homolog,172729
AM140,-1.10686364050841,0.327843368746968,-3.37619651951141,7.3495403088495e-4,0.00908999416862394,WBGene00010872,M05B5.4,?,172457
AM140,-1.10658905877511,0.362260265444757,-3.05467964425112,0.00225301038412371,0.0217866723670991,WBGene00009675,F44A6.3,?,185723
AM140,-1.10565921938266,0.381548804602083,-2.89781859108628,0.0037576787117615,0.0323356528622217,WBGene00044692,fbxb-91,F-box_B_protein,4363024
AM140,1.09949737462407,0.387293810482958,2.83892317631669,0.00452660535630333,0.0372509255140407,WBGene00016846,C50F7.6,?,177553
AM140,1.09943418625509,0.33928736451397,3.2404218407309,0.00119352987226624,0.0132824263211064,WBGene00012256,lpr-5,LiPocalin-Related_protein,181297
AM140,-1.09785669723706,0.359551942697434,-3.05340221221088,0.00226262450883365,0.0218596049159295,WBGene00012926,Y47D3A.13,?,176550
AM140,1.0976835839457,0.182670517128266,6.00909003380626,1.86567501932504e-9,1.29492575354468e-7,WBGene00015110,B0281.3,?,181897
AM140,-1.09677545451796,0.177255795293291,-6.18752945540206,6.11144300862783e-10,4.5727463646116e-8,WBGene00019703,fbxb-41,F-box_B_protein,173484
AM140,-1.09442510868249,0.321485033277235,-3.40428012317048,6.63386842813756e-4,0.00833275387800975,WBGene00009537,ccch-2,CCCH-type_zinc_finger_putative_transcription_factor,178454
AM140,1.09360212113031,0.390189825786229,2.80274381559465,0.00506699006624706,0.0407134388415129,WBGene00021002,W03F9.4,?,178543
AM140,-1.09283525730713,0.112188273348149,-9.74108277712571,2.01396845503836e-22,1.32796045004092e-19,WBGene00016534,C39D10.7,?,181050
AM140,1.09137439033724,0.2696629751633,4.04717922316304,5.18385501281234e-5,9.94357643366731e-4,WBGene00044471,F56D6.9,?,3896765
AM140,-1.08909439872594,0.19490536779082,-5.5878112084363,2.29949430103882e-8,1.21298324379798e-6,WBGene00015518,C06E1.1,?,176205
AM140,-1.08660190905132,0.157114256319069,-6.91599816915811,4.64580397283646e-12,5.38606944103567e-10,WBGene00010234,ttr-50,TransThyretin-Related_family_domain,178092
AM140,-1.08532816809389,0.35724453838722,-3.03805391397612,0.00238111349914983,0.0227133984326571,WBGene00015063,B0228.6,?,174251
AM140,-1.084419056447,0.279537117777829,-3.87933833283948,1.04740986756363e-4,0.00181447850620628,WBGene00014144,ZK899.6,?,191457
AM140,-1.08405042886478,0.275487946262146,-3.93501945755998,8.31899562154848e-5,0.00149770313664397,WBGene00020544,fbxb-84,F-box_B_protein,188568
AM140,1.08181966138954,0.315721303432238,3.4265019484874,6.1140937517656e-4,0.00781862897953056,WBGene00006321,sup-12,SUPpressor,180674
AM140,1.08126730747307,0.134187361705577,8.05789229126882,7.7621164911453e-16,1.99732509711178e-13,WBGene00044773,C08A9.10,?,4363132
AM140,-1.08107348413155,0.331609765616601,-3.2600773445902,0.0011138183566104,0.0125542560494015,WBGene00019923,fbxc-29,F-box_C_protein,173474
AM140,1.08036986767969,0.347681135465134,3.10735831621795,0.00188767446411451,0.0189485876274102,WBGene00018990,klf-1,Kruppel-Like_Factor_(zinc_finger_protein),175404
AM140,-1.07826971408465,0.165067692007775,-6.53228806297148,6.47724196440312e-11,5.81723596057307e-9,WBGene00014159,arrd-4,ARRestin_Domain_protein,174540
AM140,-1.07807145663936,0.163952573401178,-6.5755079915788,4.84873390018668e-11,4.6084813195468e-9,WBGene00001910,C50F4.6,?,3565041
AM140,1.07563867013068,0.196532213325159,5.47309090928038,4.42253089267124e-8,2.20083494894725e-6,WBGene00010065,F54F7.3,?,181361
AM140,1.07441711216224,0.249249695650817,4.31060551290474,1.62808121580279e-5,3.67014034758963e-4,WBGene00001456,flp-13,FMRFamide-like_neuropeptides_13_SDRPTRAMDSPLIRF-amide_AMDSPLIRF-amide_AADGAPLIRF-amide_1_APEASPFIRF-amide_1_AADGAPLIRF-amide_2_APEASPFIRF-amide_2_ASPSAPLIRF-amide_SPSAVPLIRF-amide_SAAAPLIRF-amide_ASSAPLIRF-amide,177547
AM140,1.07434803768383,0.209797447387983,5.12088231320096,3.04109400314825e-7,1.19269671870684e-5,WBGene00016218,C29F9.3,?,3565025
AM140,1.07428065377661,0.289842499228388,3.70642903175531,0.00021020210184993101,0.0032374192328712,WBGene00008988,F20G2.5,?,184745
AM140,-1.07265550584472,0.183387594025028,-5.8491170656742,4.9418920088987e-9,3.04894506981762e-7,WBGene00000482,chd-3,Chromodomain-helicase-DNA-binding_protein_3_homolog,181421
AM140,1.06932945539034,0.23968644059026,4.46136816399362,8.14380408250372e-6,2.08031799201971e-4,WBGene00016180,C28C12.4,?,182978
AM140,-1.06898515950388,0.121779416996765,-8.77804464716958,1.66341243590525e-18,5.75065026643863e-16,WBGene00006541,tbh-1,Tyramine_beta-hydroxylase,181639
AM140,-1.06787361152083,0.140723223759669,-7.58846751083944,3.23711109670577e-14,5.99149510004314e-12,WBGene00020801,T25D10.4,?,174064
AM140,1.0672713351122,0.318986735215168,3.3458172936009,8.2040434765077e-4,0.0099030501918943,WBGene00000556,cnc-2,CaeNaCin_(Caenorhabditis_bacteriocin),178637
AM140,-1.0597630331426,0.386632267979479,-2.74101031111777,0.0061250585317325,0.0463048135068018,WBGene00016980,C56G2.5,Non-specific_serine/threonine_protein_kinase,183867
AM140,-1.05930511109307,0.239768470520701,-4.41803340027398,9.96030315899955e-6,2.4783301492322e-4,WBGene00016983,C56G2.15,?,175899
AM140,-1.05869725923497,0.315230218097129,-3.35848912463323,7.83698049621461e-4,0.00960280420848596,WBGene00006962,xol-1,XO_lethal_protein_1,181061
AM140,-1.05773072303003,0.169068807708831,-6.2562144807435,3.944342077427e-10,3.0824302901374e-8,WBGene00001976,hmg-11,HMG,173805
AM140,1.0529549897457,0.213137537234299,4.9402606570808,7.80182056910797e-7,2.75281628776218e-5,WBGene00045268,ttr-42,TransThyretin-Related_family_domain,6418853
AM140,-1.05287182555897,0.125545706277337,-8.38636267841069,5.01414810199311e-17,1.51140749931506e-14,WBGene00013254,tag-276,?,174865
AM140,-1.05078616779187,0.158671900350364,-6.62238345587103,3.53452712147635e-11,3.45270936403477e-9,WBGene00020756,T24A6.20,?,178776
AM140,-1.04587191476091,0.143654218326541,-7.28048174947106,3.32630185527994e-13,4.9408855887562e-11,WBGene00006331,sup-26,SUPpressor,175551
AM140,1.04337759710951,0.370087049937073,2.81927616026262,0.00481320881203414,0.0390911108290686,WBGene00022490,Y119D3B.13,?,175283
AM140,1.04291670394554,0.376562072241503,2.7695744760951,0.00561295702023272,0.0437023590874208,WBGene00008199,C49C3.9,?,178519
AM140,1.0420287944112,0.272012474822395,3.83081252097564,1.27720796779042e-4,0.00214562803506193,WBGene00044772,T23E7.6,?,4363117
AM140,1.03643690969812,0.203601636376079,5.09051365276692,3.57094858361506e-7,1.38505542489481e-5,WBGene00015216,valv-1,?,182010
AM140,1.03374756319727,0.322690492040687,3.20352656398357,0.00135755515557165,0.0146144968278377,WBGene00009408,F35C12.3,?,185275
AM140,1.03321584074026,0.263555800393741,3.92029254980041,8.84415401274448e-5,0.00156816512326814,WBGene00001387,far-3,Fatty_Acid/Retinol_binding_protein,179785
AM140,-1.03117982338445,0.369472973564452,-2.79094791003587,0.00525539293214292,0.0416875153639909,WBGene00009951,F53A2.3,?,186139
AM140,-1.02331204468746,0.163898876367999,-6.24355741396202,4.27729201554884e-10,3.24643386791656e-8,WBGene00020911,cpt-6,Carnitine_Palmitoyl_Transferase,179035
AM140,1.01934832758482,0.366204698040617,2.78354792562426,0.00537679182832238,0.0423638191103817,WBGene00010660,K08D8.6,?,178241
AM140,-1.01894427047981,0.149195348653866,-6.82959810525841,8.51528474310313e-12,9.35794312913937e-10,WBGene00000461,ceh-40,Homeobox_protein_ceh-40,191624
AM140,1.0127025764668,0.368536123881365,2.74790586551237,0.00599772260565512,0.0455389330827982,WBGene00002252,lat-2,Latrophilin-like_protein_LAT-2,173771
AM140,1.01146979109117,0.127187971714115,7.95255854354435,1.82698447638888e-15,4.48248516881458e-13,WBGene00003530,nas-11,Zinc_metalloproteinase_nas-11,180938
AM140,-1.01083802876826,0.221173553788561,-4.57033859362142,4.86936834630012e-6,1.34481246213262e-4,WBGene00000463,ceh-43,Homeobox_protein_ceh-43,175581
AM140,-1.01072844158597,0.185635065651909,-5.44470646230826,5.18908852559365e-8,2.52280571175175e-6,WBGene00007649,C17G1.2,?,182741
AM140,1.00832121283798,0.144839529907333,6.96164378248872,3.36325053587057e-12,4.07842450039478e-10,WBGene00009620,fip-5,Fungus-Induced_Protein,181237
AM140,1.00673018883403,0.182940774963105,5.50303883339874,3.73300153883681e-8,1.89342145359271e-6,WBGene00013579,Y79H2A.2,Putative_uncharacterized_protein_C51G7.2;_Uncharacterized_protein;Putative_uncharacterized_protein_C51G7.2;_Uncharacterized_protein;Putative_uncharacterized_protein_C51G7.2;_Uncharacterized_protein;Putative_uncharacterized_protein_C51G7.2;_Uncharacterized_protein,190739
AM140,-1.00468823345704,0.176883356997873,-5.67994779446165,1.34735859832603e-8,7.68358552018356e-7,WBGene00018604,uggt-1,UDP-Glucose_Glycoprotein_glucosylTransferase,181007
AM140,1.00286898643528,0.198664626378625,5.0480500968701,4.4634212103908e-7,1.69385229387133e-5,WBGene00012840,grsp-1,Glycine_Rich_Secreted_Protein,259344
AM140,-1.00220015104271,0.130078061447119,-7.70460552604512,1.31248084014741e-14,2.71503389481474e-12,WBGene00000301,cav-1,Caveolin-1,177815
AM140,1.00076497606741,0.305193850201669,3.27911252276584,0.0010413410535162,0.0119936114788165,WBGene00006533,tba-7,"TuBulin,_Alpha",176568
